{
  "project_info": {
    "project_number": "442943295841",
    "firebase_url": "https://ai-vehicle-damage-app-a1197-default-rtdb.firebaseio.com",
    "project_id": "ai-vehicle-damage-app-a1197",
    "storage_bucket": "ai-vehicle-damage-app-a1197.firebasestorage.app"
  },
  "client": [
    {
      "client_info": {
        "mobilesdk_app_id": "1:442943295841:android:3010a4bd2e571abc7c3520",
        "android_client_info": {
          "package_name": "com.example.ai_vehicle_damage_app"
        }
      },
      "oauth_client": [
        {
          "client_id": "442943295841-slkc5815l22576bokqkuhp6s3dookvua.apps.googleusercontent.com",
          "client_type": 1,
          "android_info": {
            "package_name": "com.example.ai_vehicle_damage_app",
            "certificate_hash": "c5bd3b80fbed5209cb0e2a6e11e9033b2784fd35"
          }
        },
        {
          "client_id": "442943295841-l28qeatuciam1et5741mfbbe38hho96a.apps.googleusercontent.com",
          "client_type": 3
        }
      ],
      "api_key": [
        {
          "current_key": "AIzaSyCBYUkitjvHpwRoQzLBj36uiTXWmOyXUhk"
        }
      ],
      "services": {
        "appinvite_service": {
          "other_platform_oauth_client": [
            {
              "client_id": "442943295841-l28qeatuciam1et5741mfbbe38hho96a.apps.googleusercontent.com",
              "client_type": 3
            }
          ]
        }
      }
    }
  ],
  "configuration_version": "1"
}